{
  "author": "Nayan",
  "autoRestart": true,
  "developermode": false,
  "language": "en",
  "notification": true,
  "approval": false,
  "BOTNAME": "☞︎︎︎✍︎🅜🅐🅢🅤🅜-🅑🅞🅣",
  "PREFIX": "/",
  "OPERATOR": [
    "61565025325331"
  ],
  "ADMINBOT": [
    "100078624862893",
    ""
  ],
  "OWNER": ["100000959749712"], 
  "APPROVED": [],
  "disabledcmds": [],
  "disabledevents": [],
  "note": "make sure that the bot name you entered is all lowercase",
  "notice": " dont cng auther name and owner uid. otherwise bot not working"
}
