[
    {
        "key": "dbln",
        "value": "%7B%22100081185143782%22%3A%224yAbfxKL%22%2C%22100074168221343%22%3A%221bhGdcYE%22%2C%2261565354446986%22%3A%22t2arECVZ%22%2C%22100095161689728%22%3A%22S0ZfDcOb%22%2C%22100093695397295%22%3A%2207BSzT62%22%7D",
        "domain": "facebook.com",
        "path": "/login/device-based/",
        "hostOnly": false,
        "creation": "2024-09-25T12:23:41.694Z",
        "lastAccessed": "2024-09-25T12:23:41.696Z"
    },
    {
        "key": "datr",
        "value": "DIPdZvHy_wvyISE4kfUN0upF",
        "domain": "facebook.com",
        "path": "/",
        "hostOnly": false,
        "creation": "2024-09-25T12:23:41.696Z",
        "lastAccessed": "2024-09-25T12:23:41.696Z"
    },
    {
        "key": "sb",
        "value": "DIPdZopcH_bSMirjCHhL-Gco",
        "domain": "facebook.com",
        "path": "/",
        "hostOnly": false,
        "creation": "2024-09-25T12:23:41.696Z",
        "lastAccessed": "2024-09-25T12:23:41.696Z"
    },
    {
        "key": "ps_l",
        "value": "1",
        "domain": "facebook.com",
        "path": "/",
        "hostOnly": false,
        "creation": "2024-09-25T12:23:41.696Z",
        "lastAccessed": "2024-09-25T12:23:41.696Z"
    },
    {
        "key": "ps_n",
        "value": "1",
        "domain": "facebook.com",
        "path": "/",
        "hostOnly": false,
        "creation": "2024-09-25T12:23:41.696Z",
        "lastAccessed": "2024-09-25T12:23:41.696Z"
    },
    {
        "key": "vpd",
        "value": "v1%3B688x360x2",
        "domain": "facebook.com",
        "path": "/",
        "hostOnly": false,
        "creation": "2024-09-25T12:23:41.696Z",
        "lastAccessed": "2024-09-25T12:23:41.696Z"
    },
    {
        "key": "locale",
        "value": "en_US",
        "domain": "facebook.com",
        "path": "/",
        "hostOnly": false,
        "creation": "2024-09-25T12:23:41.696Z",
        "lastAccessed": "2024-09-25T12:23:41.696Z"
    },
    {
        "key": "m_pixel_ratio",
        "value": "2",
        "domain": "facebook.com",
        "path": "/",
        "hostOnly": false,
        "creation": "2024-09-25T12:23:41.696Z",
        "lastAccessed": "2024-09-25T12:23:41.696Z"
    },
    {
        "key": "wd",
        "value": "360x688",
        "domain": "facebook.com",
        "path": "/",
        "hostOnly": false,
        "creation": "2024-09-25T12:23:41.696Z",
        "lastAccessed": "2024-09-25T12:23:41.696Z"
    },
    {
        "key": "c_user",
        "value": "100095161689728",
        "domain": "facebook.com",
        "path": "/",
        "hostOnly": false,
        "creation": "2024-09-25T12:23:41.696Z",
        "lastAccessed": "2024-09-25T12:23:41.696Z"
    },
    {
        "key": "fr",
        "value": "0kYj7GIYJOGaKVnlp.AWWSF3_eAeOqowbzjMXliWbQAlM.Bm3YMM..AAA.0.0.Bm9AC7.AWUGPklnweQ",
        "domain": "facebook.com",
        "path": "/",
        "hostOnly": false,
        "creation": "2024-09-25T12:23:41.696Z",
        "lastAccessed": "2024-09-25T12:23:41.696Z"
    },
    {
        "key": "xs",
        "value": "40%3AYMsRu7yK_QgDEg%3A2%3A1727267003%3A-1%3A5230",
        "domain": "facebook.com",
        "path": "/",
        "hostOnly": false,
        "creation": "2024-09-25T12:23:41.696Z",
        "lastAccessed": "2024-09-25T12:23:41.696Z"
    },
    {
        "key": "fbl_st",
        "value": "100623610%3BT%3A28787783",
        "domain": "facebook.com",
        "path": "/",
        "hostOnly": false,
        "creation": "2024-09-25T12:23:41.696Z",
        "lastAccessed": "2024-09-25T12:23:41.696Z"
    },
    {
        "key": "wl_cbv",
        "value": "v2%3Bclient_version%3A2630%3Btimestamp%3A1727267005",
        "domain": "facebook.com",
        "path": "/",
        "hostOnly": false,
        "creation": "2024-09-25T12:23:41.696Z",
        "lastAccessed": "2024-09-25T12:23:41.696Z"
    }
]
